,theta0,theta1
0,8363.010174444818,-0.02037660857576008
