,theta0,theta1
0,8.363010174444819,-0.02037660857576008
